id,firstname,lastname,passport,email, phone, birthday
1,Mildrid,Publia,2802,Mildrid.Publia@yopmail.com, +380504758651, 1990-11-21
2,Ilse,Waite,5054,Ilse.Waite@yopmail.com, +380123458651, 1991-01-21
3,Phedra,Alisia,5484,Phedra.Alisia@yopmail.com, +380960058652, 1988-04-04
4,Aimil,Adalbert,7599,Aimil.Adalbert@yopmail.com, +380664758651, 1997-12-24
5,Corly,Bollay,1456,Corly.Bollay@yopmail.com, +3858968651, 1960-10-29
6,Ulrike,Burkle,5565,Ulrike.Burkle@yopmail.com, +38054328651, 1979-02-11
7,Penelopa,Ball,2498,Penelopa.Ball@yopmail.com, +380111158651, 1999-11-25
8,Jany,Cookie,7648,Jany.Cookie@yopmail.com, +380504758333, 1990-11-21
9,Ileana,Diann,1042,Ileana.Diann@yopmail.com, +380504458651, 1984-05-09
10,Delilah,Mullane,8616,Delilah.Mullane@yopmail.com
11,Chickie,Jammal,2998,Chickie.Jammal@yopmail.com, +380504753651, 1988-11-01
12,Deane,Dosia,7388,Deane.Dosia@yopmail.com, +380504758651, 1960-12-21
13,June,Sherfield,2045,June.Sherfield@yopmail.com, +380504758651, 1996-06-15
14,Dorice,Flyn,8788,Dorice.Flyn@yopmail.com, +380604758651, 1990-11-21
15,Desirae,Jena,8459,Desirae.Jena@yopmail.com, +380994758651, 1997-04-22
16,Sharai,Mullane,2926,Sharai.Mullane@yopmail.com, +380634758771, 1990-11-03
17,Lyssa,Anestassia,8297,Lyssa.Anestassia@yopmail.com, +380504758651, 1971-08-21
18,Tierney,Audly,6525,Tierney.Audly@yopmail.com, +380504758651, 1999-11-15
19,Dorene,Junie,9766,Dorene.Junie@yopmail.com, +380554758651, 1990-10-10
20,Lesly,Kosey,5529,Lesly.Kosey@yopmail.com, +38050338651, 1980-07-11
